admin_unit_id,day1,day2,day3,day4,day5,day6,day7,day8,day9,day10,day11,day12,day13,day14,day15,day16,day17,day18,day19,day20,day21,day22,day23,day24,day25,day26,day27,day28,day29,day30,day31,day32,day33,day34,day35,day36,day37,day38,day39,day40,day41,day42,day43,day44,day45,day46,day47,day48,day49,day50,day51,day52,day53,day54,day55,day56,day57,day58,day59,day60,day61,day62,day63,day64,day65,day66,day67,day68,day69,day70,day71,day72,day73,day74,day75,day76,day77,day78,day79,day80,day81,day82,day83,day84,day85,day86,day87,day88,day89,day90,day91,day92,day93,day94,day95,day96,day97,day98,day99,day100,day101,day102,day103,day104,day105,day106,day107,day108,day109,day110,day111,day112,day113,day114,day115,day116,day117,day118,day119,day120,day121,day122,day123,day124,day125,day126,day127,day128,day129,day130,day131,day132,day133,day134,day135,day136,day137,day138,day139,day140,day141,day142,day143,day144,day145,day146,day147,day148,day149,day150,day151,day152,day153,day154,day155,day156,day157,day158,day159,day160,day161,day162,day163,day164,day165,day166,day167,day168,day169,day170,day171,day172,day173,day174,day175,day176,day177,day178,day179,day180,day181,day182,day183,day184,day185,day186,day187,day188,day189,day190,day191,day192,day193,day194,day195,day196,day197,day198,day199,day200,day201,day202,day203,day204,day205,day206,day207,day208,day209,day210,day211,day212,day213,day214,day215,day216,day217,day218,day219,day220,day221,day222,day223,day224,day225,day226,day227,day228,day229,day230,day231,day232,day233,day234,day235,day236,day237,day238,day239,day240,day241,day242,day243,day244,day245,day246,day247,day248,day249,day250,day251,day252,day253,day254,day255,day256,day257,day258,day259,day260,day261,day262,day263,day264,day265,day266,day267,day268,day269,day270,day271,day272,day273,day274,day275,day276,day277,day278,day279,day280,day281,day282,day283,day284,day285,day286,day287,day288,day289,day290,day291,day292,day293,day294,day295,day296,day297,day298,day299,day300,day301,day302,day303,day304,day305,day306,day307,day308,day309,day310,day311,day312,day313,day314,day315,day316,day317,day318,day319,day320,day321,day322,day323,day324,day325,day326,day327,day328,day329,day330,day331,day332,day333,day334,day335,day336,day337,day338,day339,day340,day341,day342,day343,day344,day345,day346,day347,day348,day349,day350,day351,day352,day353,day354,day355,day356,day357,day358,day359,day360,day361,day362,day363,day364,day365
1,0.89802195,0.89912579,0.90025952,0.90142281,0.90261531,0.90383667,0.90508652,0.90636450,0.90767022,0.90900330,0.91036335,0.91174996,0.91316272,0.91460121,0.91606500,0.91755367,0.91906677,0.92060385,0.92216445,0.92374812,0.92535439,0.92698278,0.92863280,0.93030397,0.93199579,0.93370776,0.93543938,0.93719013,0.93895949,0.94074693,0.94255194,0.94437397,0.94621248,0.94806693,0.94993677,0.95182144,0.95372039,0.95563305,0.95755887,0.95949725,0.96144764,0.96340945,0.96538211,0.96736502,0.96935760,0.97135927,0.97336942,0.97538746,0.97741279,0.97944482,0.98148294,0.98352655,0.98557503,0.98762780,0.98968422,0.99174371,0.99380564,0.99586941,0.99793440,1.00000000,1.00206560,1.00413059,1.00619436,1.00825629,1.01031578,1.01237220,1.01442497,1.01647345,1.01851706,1.02055518,1.02258721,1.02461254,1.02663058,1.02864073,1.03064240,1.03263498,1.03461789,1.03659055,1.03855236,1.04050275,1.04244113,1.04436695,1.04627961,1.04817856,1.05006323,1.05193307,1.05378752,1.05562603,1.05744806,1.05925307,1.06104051,1.06280987,1.06456062,1.06629224,1.06800421,1.06969603,1.07136720,1.07301722,1.07464561,1.07625188,1.07783555,1.07939615,1.08093323,1.08244633,1.08393500,1.08539879,1.08683728,1.08825004,1.08963665,1.09099670,1.09232978,1.09363550,1.09491348,1.09616333,1.09738469,1.09857719,1.09974048,1.10087421,1.10197805,1.10305167,1.10409476,1.10510700,1.10608810,1.10703776,1.10795570,1.10884166,1.10969536,1.11051655,1.11130500,1.11206047,1.11278273,1.11347157,1.11412678,1.11474818,1.11533557,1.11588879,1.11640767,1.11689205,1.11734180,1.11775678,1.11813686,1.11848193,1.11879190,1.11906667,1.11930615,1.11951028,1.11967900,1.11981225,1.11991000,1.11997222,1.11999889,1.11999000,1.11994555,1.11986557,1.11975006,1.11959907,1.11941264,1.11919082,1.11893369,1.11864131,1.11831378,1.11795119,1.11755364,1.11712127,1.11665418,1.11615253,1.11561647,1.11504614,1.11444172,1.11380339,1.11313134,1.11242576,1.11168687,1.11091489,1.11011004,1.10927256,1.10840270,1.10750071,1.10656688,1.10560146,1.10460476,1.10357706,1.10251866,1.10142989,1.10031106,1.09916250,1.09798457,1.09677759,1.09554194,1.09427798,1.09298608,1.09166663,1.09032002,1.08894664,1.08754691,1.08612123,1.08467003,1.08319375,1.08169281,1.08016766,1.07861876,1.07704657,1.07545154,1.07383415,1.07219489,1.07053423,1.06885267,1.06715071,1.06542885,1.06368761,1.06192749,1.06014902,1.05835272,1.05653914,1.05470880,1.05286225,1.05100004,1.04912272,1.04723083,1.04532496,1.04340565,1.04147348,1.03952902,1.03757284,1.03560554,1.03362768,1.03163986,1.02964266,1.02763668,1.02562251,1.02360075,1.02157199,1.01953684,1.01749590,1.01544978,1.01339908,1.01134441,1.00928638,1.00722559,1.00516267,1.00309821,1.00103284,0.99896716,0.99690179,0.99483733,0.99277441,0.99071362,0.98865559,0.98660092,0.98455022,0.98250410,0.98046316,0.97842801,0.97639925,0.97437749,0.97236332,0.97035734,0.96836014,0.96637232,0.96439446,0.96242716,0.96047098,0.95852652,0.95659435,0.95467504,0.95276917,0.95087728,0.94899996,0.94713775,0.94529120,0.94346086,0.94164728,0.93985098,0.93807251,0.93631239,0.93457115,0.93284929,0.93114733,0.92946577,0.92780511,0.92616585,0.92454846,0.92295343,0.92138124,0.91983234,0.91830719,0.91680625,0.91532997,0.91387877,0.91245309,0.91105336,0.90967998,0.90833337,0.90701392,0.90572202,0.90445806,0.90322241,0.90201543,0.90083750,0.89968894,0.89857011,0.89748134,0.89642294,0.89539524,0.89439854,0.89343312,0.89249929,0.89159730,0.89072744,0.88988996,0.88908511,0.88831313,0.88757424,0.88686866,0.88619661,0.88555828,0.88495386,0.88438353,0.88384747,0.88334582,0.88287873,0.88244636,0.88204881,0.88168622,0.88135869,0.88106631,0.88080918,0.88058736,0.88040093,0.88024994,0.88013443,0.88005445,0.88001000,0.88000111,0.88002778,0.88009000,0.88018775,0.88032100,0.88048972,0.88069385,0.88093333,0.88120810,0.88151807,0.88186314,0.88224322,0.88265820,0.88310795,0.88359233,0.88411121,0.88466443,0.88525182,0.88587322,0.88652843,0.88721727,0.88793953,0.88869500,0.88948345,0.89030464,0.89115834,0.89204430,0.89296224,0.89391190,0.89489300,0.89590524,0.89694833
2,0.89802195,0.89912579,0.90025952,0.90142281,0.90261531,0.90383667,0.90508652,0.90636450,0.90767022,0.90900330,0.91036335,0.91174996,0.91316272,0.91460121,0.91606500,0.91755367,0.91906677,0.92060385,0.92216445,0.92374812,0.92535439,0.92698278,0.92863280,0.93030397,0.93199579,0.93370776,0.93543938,0.93719013,0.93895949,0.94074693,0.94255194,0.94437397,0.94621248,0.94806693,0.94993677,0.95182144,0.95372039,0.95563305,0.95755887,0.95949725,0.96144764,0.96340945,0.96538211,0.96736502,0.96935760,0.97135927,0.97336942,0.97538746,0.97741279,0.97944482,0.98148294,0.98352655,0.98557503,0.98762780,0.98968422,0.99174371,0.99380564,0.99586941,0.99793440,1.00000000,1.00206560,1.00413059,1.00619436,1.00825629,1.01031578,1.01237220,1.01442497,1.01647345,1.01851706,1.02055518,1.02258721,1.02461254,1.02663058,1.02864073,1.03064240,1.03263498,1.03461789,1.03659055,1.03855236,1.04050275,1.04244113,1.04436695,1.04627961,1.04817856,1.05006323,1.05193307,1.05378752,1.05562603,1.05744806,1.05925307,1.06104051,1.06280987,1.06456062,1.06629224,1.06800421,1.06969603,1.07136720,1.07301722,1.07464561,1.07625188,1.07783555,1.07939615,1.08093323,1.08244633,1.08393500,1.08539879,1.08683728,1.08825004,1.08963665,1.09099670,1.09232978,1.09363550,1.09491348,1.09616333,1.09738469,1.09857719,1.09974048,1.10087421,1.10197805,1.10305167,1.10409476,1.10510700,1.10608810,1.10703776,1.10795570,1.10884166,1.10969536,1.11051655,1.11130500,1.11206047,1.11278273,1.11347157,1.11412678,1.11474818,1.11533557,1.11588879,1.11640767,1.11689205,1.11734180,1.11775678,1.11813686,1.11848193,1.11879190,1.11906667,1.11930615,1.11951028,1.11967900,1.11981225,1.11991000,1.11997222,1.11999889,1.11999000,1.11994555,1.11986557,1.11975006,1.11959907,1.11941264,1.11919082,1.11893369,1.11864131,1.11831378,1.11795119,1.11755364,1.11712127,1.11665418,1.11615253,1.11561647,1.11504614,1.11444172,1.11380339,1.11313134,1.11242576,1.11168687,1.11091489,1.11011004,1.10927256,1.10840270,1.10750071,1.10656688,1.10560146,1.10460476,1.10357706,1.10251866,1.10142989,1.10031106,1.09916250,1.09798457,1.09677759,1.09554194,1.09427798,1.09298608,1.09166663,1.09032002,1.08894664,1.08754691,1.08612123,1.08467003,1.08319375,1.08169281,1.08016766,1.07861876,1.07704657,1.07545154,1.07383415,1.07219489,1.07053423,1.06885267,1.06715071,1.06542885,1.06368761,1.06192749,1.06014902,1.05835272,1.05653914,1.05470880,1.05286225,1.05100004,1.04912272,1.04723083,1.04532496,1.04340565,1.04147348,1.03952902,1.03757284,1.03560554,1.03362768,1.03163986,1.02964266,1.02763668,1.02562251,1.02360075,1.02157199,1.01953684,1.01749590,1.01544978,1.01339908,1.01134441,1.00928638,1.00722559,1.00516267,1.00309821,1.00103284,0.99896716,0.99690179,0.99483733,0.99277441,0.99071362,0.98865559,0.98660092,0.98455022,0.98250410,0.98046316,0.97842801,0.97639925,0.97437749,0.97236332,0.97035734,0.96836014,0.96637232,0.96439446,0.96242716,0.96047098,0.95852652,0.95659435,0.95467504,0.95276917,0.95087728,0.94899996,0.94713775,0.94529120,0.94346086,0.94164728,0.93985098,0.93807251,0.93631239,0.93457115,0.93284929,0.93114733,0.92946577,0.92780511,0.92616585,0.92454846,0.92295343,0.92138124,0.91983234,0.91830719,0.91680625,0.91532997,0.91387877,0.91245309,0.91105336,0.90967998,0.90833337,0.90701392,0.90572202,0.90445806,0.90322241,0.90201543,0.90083750,0.89968894,0.89857011,0.89748134,0.89642294,0.89539524,0.89439854,0.89343312,0.89249929,0.89159730,0.89072744,0.88988996,0.88908511,0.88831313,0.88757424,0.88686866,0.88619661,0.88555828,0.88495386,0.88438353,0.88384747,0.88334582,0.88287873,0.88244636,0.88204881,0.88168622,0.88135869,0.88106631,0.88080918,0.88058736,0.88040093,0.88024994,0.88013443,0.88005445,0.88001000,0.88000111,0.88002778,0.88009000,0.88018775,0.88032100,0.88048972,0.88069385,0.88093333,0.88120810,0.88151807,0.88186314,0.88224322,0.88265820,0.88310795,0.88359233,0.88411121,0.88466443,0.88525182,0.88587322,0.88652843,0.88721727,0.88793953,0.88869500,0.88948345,0.89030464,0.89115834,0.89204430,0.89296224,0.89391190,0.89489300,0.89590524,0.89694833
3,0.89802195,0.89912579,0.90025952,0.90142281,0.90261531,0.90383667,0.90508652,0.90636450,0.90767022,0.90900330,0.91036335,0.91174996,0.91316272,0.91460121,0.91606500,0.91755367,0.91906677,0.92060385,0.92216445,0.92374812,0.92535439,0.92698278,0.92863280,0.93030397,0.93199579,0.93370776,0.93543938,0.93719013,0.93895949,0.94074693,0.94255194,0.94437397,0.94621248,0.94806693,0.94993677,0.95182144,0.95372039,0.95563305,0.95755887,0.95949725,0.96144764,0.96340945,0.96538211,0.96736502,0.96935760,0.97135927,0.97336942,0.97538746,0.97741279,0.97944482,0.98148294,0.98352655,0.98557503,0.98762780,0.98968422,0.99174371,0.99380564,0.99586941,0.99793440,1.00000000,1.00206560,1.00413059,1.00619436,1.00825629,1.01031578,1.01237220,1.01442497,1.01647345,1.01851706,1.02055518,1.02258721,1.02461254,1.02663058,1.02864073,1.03064240,1.03263498,1.03461789,1.03659055,1.03855236,1.04050275,1.04244113,1.04436695,1.04627961,1.04817856,1.05006323,1.05193307,1.05378752,1.05562603,1.05744806,1.05925307,1.06104051,1.06280987,1.06456062,1.06629224,1.06800421,1.06969603,1.07136720,1.07301722,1.07464561,1.07625188,1.07783555,1.07939615,1.08093323,1.08244633,1.08393500,1.08539879,1.08683728,1.08825004,1.08963665,1.09099670,1.09232978,1.09363550,1.09491348,1.09616333,1.09738469,1.09857719,1.09974048,1.10087421,1.10197805,1.10305167,1.10409476,1.10510700,1.10608810,1.10703776,1.10795570,1.10884166,1.10969536,1.11051655,1.11130500,1.11206047,1.11278273,1.11347157,1.11412678,1.11474818,1.11533557,1.11588879,1.11640767,1.11689205,1.11734180,1.11775678,1.11813686,1.11848193,1.11879190,1.11906667,1.11930615,1.11951028,1.11967900,1.11981225,1.11991000,1.11997222,1.11999889,1.11999000,1.11994555,1.11986557,1.11975006,1.11959907,1.11941264,1.11919082,1.11893369,1.11864131,1.11831378,1.11795119,1.11755364,1.11712127,1.11665418,1.11615253,1.11561647,1.11504614,1.11444172,1.11380339,1.11313134,1.11242576,1.11168687,1.11091489,1.11011004,1.10927256,1.10840270,1.10750071,1.10656688,1.10560146,1.10460476,1.10357706,1.10251866,1.10142989,1.10031106,1.09916250,1.09798457,1.09677759,1.09554194,1.09427798,1.09298608,1.09166663,1.09032002,1.08894664,1.08754691,1.08612123,1.08467003,1.08319375,1.08169281,1.08016766,1.07861876,1.07704657,1.07545154,1.07383415,1.07219489,1.07053423,1.06885267,1.06715071,1.06542885,1.06368761,1.06192749,1.06014902,1.05835272,1.05653914,1.05470880,1.05286225,1.05100004,1.04912272,1.04723083,1.04532496,1.04340565,1.04147348,1.03952902,1.03757284,1.03560554,1.03362768,1.03163986,1.02964266,1.02763668,1.02562251,1.02360075,1.02157199,1.01953684,1.01749590,1.01544978,1.01339908,1.01134441,1.00928638,1.00722559,1.00516267,1.00309821,1.00103284,0.99896716,0.99690179,0.99483733,0.99277441,0.99071362,0.98865559,0.98660092,0.98455022,0.98250410,0.98046316,0.97842801,0.97639925,0.97437749,0.97236332,0.97035734,0.96836014,0.96637232,0.96439446,0.96242716,0.96047098,0.95852652,0.95659435,0.95467504,0.95276917,0.95087728,0.94899996,0.94713775,0.94529120,0.94346086,0.94164728,0.93985098,0.93807251,0.93631239,0.93457115,0.93284929,0.93114733,0.92946577,0.92780511,0.92616585,0.92454846,0.92295343,0.92138124,0.91983234,0.91830719,0.91680625,0.91532997,0.91387877,0.91245309,0.91105336,0.90967998,0.90833337,0.90701392,0.90572202,0.90445806,0.90322241,0.90201543,0.90083750,0.89968894,0.89857011,0.89748134,0.89642294,0.89539524,0.89439854,0.89343312,0.89249929,0.89159730,0.89072744,0.88988996,0.88908511,0.88831313,0.88757424,0.88686866,0.88619661,0.88555828,0.88495386,0.88438353,0.88384747,0.88334582,0.88287873,0.88244636,0.88204881,0.88168622,0.88135869,0.88106631,0.88080918,0.88058736,0.88040093,0.88024994,0.88013443,0.88005445,0.88001000,0.88000111,0.88002778,0.88009000,0.88018775,0.88032100,0.88048972,0.88069385,0.88093333,0.88120810,0.88151807,0.88186314,0.88224322,0.88265820,0.88310795,0.88359233,0.88411121,0.88466443,0.88525182,0.88587322,0.88652843,0.88721727,0.88793953,0.88869500,0.88948345,0.89030464,0.89115834,0.89204430,0.89296224,0.89391190,0.89489300,0.89590524,0.89694833
4,0.79388417,0.79766691,0.80150961,0.80541113,0.80937031,0.81338598,0.81745694,0.82158199,0.82575992,0.82998947,0.83426941,0.83859845,0.84297532,0.84739872,0.85186733,0.85637985,0.86093492,0.86553120,0.87016732,0.87484192,0.87955360,0.88430098,0.88908264,0.89389716,0.89874313,0.90361910,0.90852363,0.91345527,0.91841255,0.92339401,0.92839817,0.93342355,0.93846865,0.94353199,0.94861206,0.95370735,0.95881637,0.96393759,0.96906949,0.97421056,0.97935927,0.98451410,0.98967352,0.99483599,1.00000000,1.00516401,1.01032648,1.01548590,1.02064073,1.02578944,1.03093051,1.03606241,1.04118363,1.04629265,1.05138794,1.05646801,1.06153135,1.06657645,1.07160183,1.07660599,1.08158745,1.08654473,1.09147637,1.09638090,1.10125687,1.10610284,1.11091736,1.11569902,1.12044640,1.12515808,1.12983268,1.13446880,1.13906508,1.14362015,1.14813267,1.15260128,1.15702468,1.16140155,1.16573059,1.17001053,1.17424008,1.17841801,1.18254306,1.18661402,1.19062969,1.19458887,1.19849039,1.20233309,1.20611583,1.20983750,1.21349699,1.21709321,1.22062511,1.22409163,1.22749174,1.23082445,1.23408876,1.23728370,1.24040833,1.24346172,1.24644297,1.24935119,1.25218552,1.25494513,1.25762919,1.26023691,1.26276751,1.26522025,1.26759440,1.26988926,1.27210414,1.27423840,1.27629139,1.27826251,1.28015117,1.28195682,1.28367892,1.28531695,1.28687045,1.28833894,1.28972198,1.29101918,1.29223014,1.29335450,1.29439194,1.29534215,1.29620483,1.29697975,1.29766666,1.29826537,1.29877570,1.29919749,1.29953063,1.29977500,1.29993055,1.29999722,1.29997500,1.29986388,1.29966391,1.29937515,1.29899767,1.29853159,1.29797705,1.29733422,1.29660328,1.29578444,1.29487797,1.29388411,1.29280317,1.29163546,1.29038133,1.28904116,1.28761535,1.28610430,1.28450847,1.28282834,1.28106440,1.27921718,1.27728722,1.27527509,1.27318139,1.27100674,1.26875179,1.26641720,1.26400366,1.26151190,1.25894264,1.25629665,1.25357472,1.25077764,1.24790626,1.24496142,1.24194398,1.23885486,1.23569496,1.23246521,1.22916658,1.22580005,1.22236660,1.21886727,1.21530307,1.21167508,1.20798437,1.20423202,1.20041916,1.19654691,1.19261641,1.18862884,1.18458538,1.18048722,1.17633558,1.17213168,1.16787678,1.16357213,1.15921901,1.15481872,1.15037254,1.14588181,1.14134785,1.13677201,1.13215564,1.12750010,1.12280679,1.11807708,1.11331239,1.10851412,1.10368369,1.09882254,1.09393211,1.08901385,1.08406920,1.07909965,1.07410665,1.06909170,1.06405627,1.05900187,1.05392998,1.04884210,1.04373976,1.03862445,1.03349770,1.02836102,1.02321594,1.01806398,1.01290667,1.00774553,1.00258210,0.99741790,0.99225447,0.98709333,0.98193602,0.97678406,0.97163898,0.96650230,0.96137555,0.95626024,0.95115790,0.94607002,0.94099813,0.93594373,0.93090830,0.92589335,0.92090035,0.91593080,0.91098615,0.90606789,0.90117746,0.89631631,0.89148588,0.88668761,0.88192292,0.87719321,0.87249990,0.86784436,0.86322799,0.85865215,0.85411819,0.84962746,0.84518128,0.84078099,0.83642787,0.83212322,0.82786832,0.82366442,0.81951278,0.81541462,0.81137116,0.80738359,0.80345309,0.79958084,0.79576798,0.79201563,0.78832492,0.78469693,0.78113273,0.77763340,0.77419995,0.77083342,0.76753479,0.76430504,0.76114514,0.75805602,0.75503858,0.75209374,0.74922236,0.74642528,0.74370335,0.74105736,0.73848810,0.73599634,0.73358280,0.73124821,0.72899326,0.72681861,0.72472491,0.72271278,0.72078282,0.71893560,0.71717166,0.71549153,0.71389570,0.71238465,0.71095884,0.70961867,0.70836454,0.70719683,0.70611589,0.70512203,0.70421556,0.70339672,0.70266578,0.70202295,0.70146841,0.70100233,0.70062485,0.70033609,0.70013612,0.70002500,0.70000278,0.70006945,0.70022500,0.70046937,0.70080251,0.70122430,0.70173463,0.70233334,0.70302025,0.70379517,0.70465785,0.70560806,0.70664550,0.70776986,0.70898082,0.71027802,0.71166106,0.71312955,0.71468305,0.71632108,0.71804318,0.71984883,0.72173749,0.72370861,0.72576160,0.72789586,0.73011074,0.73240560,0.73477975,0.73723249,0.73976309,0.74237081,0.74505487,0.74781448,0.75064881,0.75355703,0.75653828,0.75959167,0.76271630,0.76591124,0.76917555,0.77250826,0.77590837,0.77937489,0.78290679,0.78650301,0.79016250
5,0.89802195,0.89912579,0.90025952,0.90142281,0.90261531,0.90383667,0.90508652,0.90636450,0.90767022,0.90900330,0.91036335,0.91174996,0.91316272,0.91460121,0.91606500,0.91755367,0.91906677,0.92060385,0.92216445,0.92374812,0.92535439,0.92698278,0.92863280,0.93030397,0.93199579,0.93370776,0.93543938,0.93719013,0.93895949,0.94074693,0.94255194,0.94437397,0.94621248,0.94806693,0.94993677,0.95182144,0.95372039,0.95563305,0.95755887,0.95949725,0.96144764,0.96340945,0.96538211,0.96736502,0.96935760,0.97135927,0.97336942,0.97538746,0.97741279,0.97944482,0.98148294,0.98352655,0.98557503,0.98762780,0.98968422,0.99174371,0.99380564,0.99586941,0.99793440,1.00000000,1.00206560,1.00413059,1.00619436,1.00825629,1.01031578,1.01237220,1.01442497,1.01647345,1.01851706,1.02055518,1.02258721,1.02461254,1.02663058,1.02864073,1.03064240,1.03263498,1.03461789,1.03659055,1.03855236,1.04050275,1.04244113,1.04436695,1.04627961,1.04817856,1.05006323,1.05193307,1.05378752,1.05562603,1.05744806,1.05925307,1.06104051,1.06280987,1.06456062,1.06629224,1.06800421,1.06969603,1.07136720,1.07301722,1.07464561,1.07625188,1.07783555,1.07939615,1.08093323,1.08244633,1.08393500,1.08539879,1.08683728,1.08825004,1.08963665,1.09099670,1.09232978,1.09363550,1.09491348,1.09616333,1.09738469,1.09857719,1.09974048,1.10087421,1.10197805,1.10305167,1.10409476,1.10510700,1.10608810,1.10703776,1.10795570,1.10884166,1.10969536,1.11051655,1.11130500,1.11206047,1.11278273,1.11347157,1.11412678,1.11474818,1.11533557,1.11588879,1.11640767,1.11689205,1.11734180,1.11775678,1.11813686,1.11848193,1.11879190,1.11906667,1.11930615,1.11951028,1.11967900,1.11981225,1.11991000,1.11997222,1.11999889,1.11999000,1.11994555,1.11986557,1.11975006,1.11959907,1.11941264,1.11919082,1.11893369,1.11864131,1.11831378,1.11795119,1.11755364,1.11712127,1.11665418,1.11615253,1.11561647,1.11504614,1.11444172,1.11380339,1.11313134,1.11242576,1.11168687,1.11091489,1.11011004,1.10927256,1.10840270,1.10750071,1.10656688,1.10560146,1.10460476,1.10357706,1.10251866,1.10142989,1.10031106,1.09916250,1.09798457,1.09677759,1.09554194,1.09427798,1.09298608,1.09166663,1.09032002,1.08894664,1.08754691,1.08612123,1.08467003,1.08319375,1.08169281,1.08016766,1.07861876,1.07704657,1.07545154,1.07383415,1.07219489,1.07053423,1.06885267,1.06715071,1.06542885,1.06368761,1.06192749,1.06014902,1.05835272,1.05653914,1.05470880,1.05286225,1.05100004,1.04912272,1.04723083,1.04532496,1.04340565,1.04147348,1.03952902,1.03757284,1.03560554,1.03362768,1.03163986,1.02964266,1.02763668,1.02562251,1.02360075,1.02157199,1.01953684,1.01749590,1.01544978,1.01339908,1.01134441,1.00928638,1.00722559,1.00516267,1.00309821,1.00103284,0.99896716,0.99690179,0.99483733,0.99277441,0.99071362,0.98865559,0.98660092,0.98455022,0.98250410,0.98046316,0.97842801,0.97639925,0.97437749,0.97236332,0.97035734,0.96836014,0.96637232,0.96439446,0.96242716,0.96047098,0.95852652,0.95659435,0.95467504,0.95276917,0.95087728,0.94899996,0.94713775,0.94529120,0.94346086,0.94164728,0.93985098,0.93807251,0.93631239,0.93457115,0.93284929,0.93114733,0.92946577,0.92780511,0.92616585,0.92454846,0.92295343,0.92138124,0.91983234,0.91830719,0.91680625,0.91532997,0.91387877,0.91245309,0.91105336,0.90967998,0.90833337,0.90701392,0.90572202,0.90445806,0.90322241,0.90201543,0.90083750,0.89968894,0.89857011,0.89748134,0.89642294,0.89539524,0.89439854,0.89343312,0.89249929,0.89159730,0.89072744,0.88988996,0.88908511,0.88831313,0.88757424,0.88686866,0.88619661,0.88555828,0.88495386,0.88438353,0.88384747,0.88334582,0.88287873,0.88244636,0.88204881,0.88168622,0.88135869,0.88106631,0.88080918,0.88058736,0.88040093,0.88024994,0.88013443,0.88005445,0.88001000,0.88000111,0.88002778,0.88009000,0.88018775,0.88032100,0.88048972,0.88069385,0.88093333,0.88120810,0.88151807,0.88186314,0.88224322,0.88265820,0.88310795,0.88359233,0.88411121,0.88466443,0.88525182,0.88587322,0.88652843,0.88721727,0.88793953,0.88869500,0.88948345,0.89030464,0.89115834,0.89204430,0.89296224,0.89391190,0.89489300,0.89590524,0.89694833
6,0.76063308,0.76822486,0.77588533,0.78361220,0.79140320,0.79925601,0.80716830,0.81513773,0.82316194,0.83123855,0.83936517,0.84753939,0.85575878,0.86402092,0.87232335,0.88066362,0.88903924,0.89744775,0.90588665,0.91435343,0.92284559,0.93136061,0.93989598,0.94844915,0.95701760,0.96559879,0.97419017,0.98278919,0.99139332,1.00000000,1.00860668,1.01721081,1.02580983,1.03440121,1.04298240,1.05155085,1.06010402,1.06863939,1.07715441,1.08564657,1.09411335,1.10255225,1.11096076,1.11933638,1.12767665,1.13597908,1.14424122,1.15246061,1.16063483,1.16876145,1.17683806,1.18486227,1.19283170,1.20074399,1.20859680,1.21638780,1.22411467,1.23177514,1.23936692,1.24688778,1.25433547,1.26170780,1.26900259,1.27621766,1.28335088,1.29040014,1.29736334,1.30423844,1.31102337,1.31771615,1.32431478,1.33081731,1.33722181,1.34352638,1.34972916,1.35582831,1.36182202,1.36770851,1.37348604,1.37915290,1.38470741,1.39014793,1.39547283,1.40068054,1.40576953,1.41073828,1.41558531,1.42030920,1.42490855,1.42938198,1.43372818,1.43794585,1.44203375,1.44599067,1.44981543,1.45350691,1.45706399,1.46048564,1.46377084,1.46691861,1.46992803,1.47279819,1.47552826,1.47811741,1.48056489,1.48286997,1.48503196,1.48705023,1.48892417,1.49065324,1.49223691,1.49367472,1.49496625,1.49611110,1.49710895,1.49795950,1.49866249,1.49921771,1.49962501,1.49988425,1.49999537,1.49995833,1.49977314,1.49943986,1.49895858,1.49832945,1.49755266,1.49662842,1.49555703,1.49433880,1.49297407,1.49146328,1.48980685,1.48800528,1.48605910,1.48396889,1.48173527,1.47935891,1.47684050,1.47418079,1.47138057,1.46844067,1.46536197,1.46214536,1.45879181,1.45530232,1.45167790,1.44791965,1.44402866,1.44000610,1.43585316,1.43157106,1.42716108,1.42262453,1.41796274,1.41317710,1.40826903,1.40323997,1.39809143,1.39282493,1.38744202,1.38194431,1.37633341,1.37061101,1.36477878,1.35883846,1.35279181,1.34664061,1.34038670,1.33403193,1.32757818,1.32102736,1.31438141,1.30764230,1.30081203,1.29389263,1.28688613,1.27979463,1.27262022,1.26536502,1.25803120,1.25062091,1.24313635,1.23557975,1.22795335,1.22025939,1.21250017,1.20467798,1.19679514,1.18885398,1.18085687,1.17280616,1.16470424,1.15655352,1.14835641,1.14011534,1.13183275,1.12351109,1.11515284,1.10676046,1.09833644,1.08988329,1.08140351,1.07289960,1.06437409,1.05582950,1.04726837,1.03869324,1.03010664,1.02151112,1.01290922,1.00430350,0.99569650,0.98709078,0.97848888,0.96989336,0.96130676,0.95273163,0.94417050,0.93562591,0.92710040,0.91859649,0.91011671,0.90166356,0.89323954,0.88484716,0.87648891,0.86816725,0.85988466,0.85164359,0.84344648,0.83529576,0.82719384,0.81914313,0.81114602,0.80320486,0.79532202,0.78749983,0.77974061,0.77204665,0.76442025,0.75686365,0.74937909,0.74196880,0.73463498,0.72737978,0.72020537,0.71311387,0.70610737,0.69918797,0.69235770,0.68561859,0.67897264,0.67242182,0.66596807,0.65961330,0.65335939,0.64720819,0.64116154,0.63522122,0.62938899,0.62366659,0.61805569,0.61255798,0.60717507,0.60190857,0.59676003,0.59173097,0.58682290,0.58203726,0.57737547,0.57283892,0.56842894,0.56414684,0.55999390,0.55597134,0.55208035,0.54832210,0.54469768,0.54120819,0.53785464,0.53463803,0.53155933,0.52861943,0.52581921,0.52315950,0.52064109,0.51826473,0.51603111,0.51394090,0.51199472,0.51019315,0.50853672,0.50702593,0.50566120,0.50444297,0.50337158,0.50244734,0.50167055,0.50104142,0.50056014,0.50022686,0.50004167,0.50000463,0.50011575,0.50037499,0.50078229,0.50133751,0.50204050,0.50289105,0.50388890,0.50503375,0.50632528,0.50776309,0.50934676,0.51107583,0.51294977,0.51496804,0.51713003,0.51943511,0.52188259,0.52447174,0.52720181,0.53007197,0.53308139,0.53622916,0.53951436,0.54293601,0.54649309,0.55018457,0.55400933,0.55796625,0.56205415,0.56627182,0.57061802,0.57509145,0.57969080,0.58441469,0.58926172,0.59423047,0.59931946,0.60452717,0.60985207,0.61529259,0.62084710,0.62651396,0.63229149,0.63817798,0.64417169,0.65027084,0.65647362,0.66277819,0.66918269,0.67568522,0.68228385,0.68897663,0.69576156,0.70263666,0.70959986,0.71664912,0.72378234,0.73099741,0.73829220,0.74566453,0.75311222
7,0.79388417,0.79766691,0.80150961,0.80541113,0.80937031,0.81338598,0.81745694,0.82158199,0.82575992,0.82998947,0.83426941,0.83859845,0.84297532,0.84739872,0.85186733,0.85637985,0.86093492,0.86553120,0.87016732,0.87484192,0.87955360,0.88430098,0.88908264,0.89389716,0.89874313,0.90361910,0.90852363,0.91345527,0.91841255,0.92339401,0.92839817,0.93342355,0.93846865,0.94353199,0.94861206,0.95370735,0.95881637,0.96393759,0.96906949,0.97421056,0.97935927,0.98451410,0.98967352,0.99483599,1.00000000,1.00516401,1.01032648,1.01548590,1.02064073,1.02578944,1.03093051,1.03606241,1.04118363,1.04629265,1.05138794,1.05646801,1.06153135,1.06657645,1.07160183,1.07660599,1.08158745,1.08654473,1.09147637,1.09638090,1.10125687,1.10610284,1.11091736,1.11569902,1.12044640,1.12515808,1.12983268,1.13446880,1.13906508,1.14362015,1.14813267,1.15260128,1.15702468,1.16140155,1.16573059,1.17001053,1.17424008,1.17841801,1.18254306,1.18661402,1.19062969,1.19458887,1.19849039,1.20233309,1.20611583,1.20983750,1.21349699,1.21709321,1.22062511,1.22409163,1.22749174,1.23082445,1.23408876,1.23728370,1.24040833,1.24346172,1.24644297,1.24935119,1.25218552,1.25494513,1.25762919,1.26023691,1.26276751,1.26522025,1.26759440,1.26988926,1.27210414,1.27423840,1.27629139,1.27826251,1.28015117,1.28195682,1.28367892,1.28531695,1.28687045,1.28833894,1.28972198,1.29101918,1.29223014,1.29335450,1.29439194,1.29534215,1.29620483,1.29697975,1.29766666,1.29826537,1.29877570,1.29919749,1.29953063,1.29977500,1.29993055,1.29999722,1.29997500,1.29986388,1.29966391,1.29937515,1.29899767,1.29853159,1.29797705,1.29733422,1.29660328,1.29578444,1.29487797,1.29388411,1.29280317,1.29163546,1.29038133,1.28904116,1.28761535,1.28610430,1.28450847,1.28282834,1.28106440,1.27921718,1.27728722,1.27527509,1.27318139,1.27100674,1.26875179,1.26641720,1.26400366,1.26151190,1.25894264,1.25629665,1.25357472,1.25077764,1.24790626,1.24496142,1.24194398,1.23885486,1.23569496,1.23246521,1.22916658,1.22580005,1.22236660,1.21886727,1.21530307,1.21167508,1.20798437,1.20423202,1.20041916,1.19654691,1.19261641,1.18862884,1.18458538,1.18048722,1.17633558,1.17213168,1.16787678,1.16357213,1.15921901,1.15481872,1.15037254,1.14588181,1.14134785,1.13677201,1.13215564,1.12750010,1.12280679,1.11807708,1.11331239,1.10851412,1.10368369,1.09882254,1.09393211,1.08901385,1.08406920,1.07909965,1.07410665,1.06909170,1.06405627,1.05900187,1.05392998,1.04884210,1.04373976,1.03862445,1.03349770,1.02836102,1.02321594,1.01806398,1.01290667,1.00774553,1.00258210,0.99741790,0.99225447,0.98709333,0.98193602,0.97678406,0.97163898,0.96650230,0.96137555,0.95626024,0.95115790,0.94607002,0.94099813,0.93594373,0.93090830,0.92589335,0.92090035,0.91593080,0.91098615,0.90606789,0.90117746,0.89631631,0.89148588,0.88668761,0.88192292,0.87719321,0.87249990,0.86784436,0.86322799,0.85865215,0.85411819,0.84962746,0.84518128,0.84078099,0.83642787,0.83212322,0.82786832,0.82366442,0.81951278,0.81541462,0.81137116,0.80738359,0.80345309,0.79958084,0.79576798,0.79201563,0.78832492,0.78469693,0.78113273,0.77763340,0.77419995,0.77083342,0.76753479,0.76430504,0.76114514,0.75805602,0.75503858,0.75209374,0.74922236,0.74642528,0.74370335,0.74105736,0.73848810,0.73599634,0.73358280,0.73124821,0.72899326,0.72681861,0.72472491,0.72271278,0.72078282,0.71893560,0.71717166,0.71549153,0.71389570,0.71238465,0.71095884,0.70961867,0.70836454,0.70719683,0.70611589,0.70512203,0.70421556,0.70339672,0.70266578,0.70202295,0.70146841,0.70100233,0.70062485,0.70033609,0.70013612,0.70002500,0.70000278,0.70006945,0.70022500,0.70046937,0.70080251,0.70122430,0.70173463,0.70233334,0.70302025,0.70379517,0.70465785,0.70560806,0.70664550,0.70776986,0.70898082,0.71027802,0.71166106,0.71312955,0.71468305,0.71632108,0.71804318,0.71984883,0.72173749,0.72370861,0.72576160,0.72789586,0.73011074,0.73240560,0.73477975,0.73723249,0.73976309,0.74237081,0.74505487,0.74781448,0.75064881,0.75355703,0.75653828,0.75959167,0.76271630,0.76591124,0.76917555,0.77250826,0.77590837,0.77937489,0.78290679,0.78650301,0.79016250
8,0.89802195,0.89912579,0.90025952,0.90142281,0.90261531,0.90383667,0.90508652,0.90636450,0.90767022,0.90900330,0.91036335,0.91174996,0.91316272,0.91460121,0.91606500,0.91755367,0.91906677,0.92060385,0.92216445,0.92374812,0.92535439,0.92698278,0.92863280,0.93030397,0.93199579,0.93370776,0.93543938,0.93719013,0.93895949,0.94074693,0.94255194,0.94437397,0.94621248,0.94806693,0.94993677,0.95182144,0.95372039,0.95563305,0.95755887,0.95949725,0.96144764,0.96340945,0.96538211,0.96736502,0.96935760,0.97135927,0.97336942,0.97538746,0.97741279,0.97944482,0.98148294,0.98352655,0.98557503,0.98762780,0.98968422,0.99174371,0.99380564,0.99586941,0.99793440,1.00000000,1.00206560,1.00413059,1.00619436,1.00825629,1.01031578,1.01237220,1.01442497,1.01647345,1.01851706,1.02055518,1.02258721,1.02461254,1.02663058,1.02864073,1.03064240,1.03263498,1.03461789,1.03659055,1.03855236,1.04050275,1.04244113,1.04436695,1.04627961,1.04817856,1.05006323,1.05193307,1.05378752,1.05562603,1.05744806,1.05925307,1.06104051,1.06280987,1.06456062,1.06629224,1.06800421,1.06969603,1.07136720,1.07301722,1.07464561,1.07625188,1.07783555,1.07939615,1.08093323,1.08244633,1.08393500,1.08539879,1.08683728,1.08825004,1.08963665,1.09099670,1.09232978,1.09363550,1.09491348,1.09616333,1.09738469,1.09857719,1.09974048,1.10087421,1.10197805,1.10305167,1.10409476,1.10510700,1.10608810,1.10703776,1.10795570,1.10884166,1.10969536,1.11051655,1.11130500,1.11206047,1.11278273,1.11347157,1.11412678,1.11474818,1.11533557,1.11588879,1.11640767,1.11689205,1.11734180,1.11775678,1.11813686,1.11848193,1.11879190,1.11906667,1.11930615,1.11951028,1.11967900,1.11981225,1.11991000,1.11997222,1.11999889,1.11999000,1.11994555,1.11986557,1.11975006,1.11959907,1.11941264,1.11919082,1.11893369,1.11864131,1.11831378,1.11795119,1.11755364,1.11712127,1.11665418,1.11615253,1.11561647,1.11504614,1.11444172,1.11380339,1.11313134,1.11242576,1.11168687,1.11091489,1.11011004,1.10927256,1.10840270,1.10750071,1.10656688,1.10560146,1.10460476,1.10357706,1.10251866,1.10142989,1.10031106,1.09916250,1.09798457,1.09677759,1.09554194,1.09427798,1.09298608,1.09166663,1.09032002,1.08894664,1.08754691,1.08612123,1.08467003,1.08319375,1.08169281,1.08016766,1.07861876,1.07704657,1.07545154,1.07383415,1.07219489,1.07053423,1.06885267,1.06715071,1.06542885,1.06368761,1.06192749,1.06014902,1.05835272,1.05653914,1.05470880,1.05286225,1.05100004,1.04912272,1.04723083,1.04532496,1.04340565,1.04147348,1.03952902,1.03757284,1.03560554,1.03362768,1.03163986,1.02964266,1.02763668,1.02562251,1.02360075,1.02157199,1.01953684,1.01749590,1.01544978,1.01339908,1.01134441,1.00928638,1.00722559,1.00516267,1.00309821,1.00103284,0.99896716,0.99690179,0.99483733,0.99277441,0.99071362,0.98865559,0.98660092,0.98455022,0.98250410,0.98046316,0.97842801,0.97639925,0.97437749,0.97236332,0.97035734,0.96836014,0.96637232,0.96439446,0.96242716,0.96047098,0.95852652,0.95659435,0.95467504,0.95276917,0.95087728,0.94899996,0.94713775,0.94529120,0.94346086,0.94164728,0.93985098,0.93807251,0.93631239,0.93457115,0.93284929,0.93114733,0.92946577,0.92780511,0.92616585,0.92454846,0.92295343,0.92138124,0.91983234,0.91830719,0.91680625,0.91532997,0.91387877,0.91245309,0.91105336,0.90967998,0.90833337,0.90701392,0.90572202,0.90445806,0.90322241,0.90201543,0.90083750,0.89968894,0.89857011,0.89748134,0.89642294,0.89539524,0.89439854,0.89343312,0.89249929,0.89159730,0.89072744,0.88988996,0.88908511,0.88831313,0.88757424,0.88686866,0.88619661,0.88555828,0.88495386,0.88438353,0.88384747,0.88334582,0.88287873,0.88244636,0.88204881,0.88168622,0.88135869,0.88106631,0.88080918,0.88058736,0.88040093,0.88024994,0.88013443,0.88005445,0.88001000,0.88000111,0.88002778,0.88009000,0.88018775,0.88032100,0.88048972,0.88069385,0.88093333,0.88120810,0.88151807,0.88186314,0.88224322,0.88265820,0.88310795,0.88359233,0.88411121,0.88466443,0.88525182,0.88587322,0.88652843,0.88721727,0.88793953,0.88869500,0.88948345,0.89030464,0.89115834,0.89204430,0.89296224,0.89391190,0.89489300,0.89590524,0.89694833
9,0.89802195,0.89912579,0.90025952,0.90142281,0.90261531,0.90383667,0.90508652,0.90636450,0.90767022,0.90900330,0.91036335,0.91174996,0.91316272,0.91460121,0.91606500,0.91755367,0.91906677,0.92060385,0.92216445,0.92374812,0.92535439,0.92698278,0.92863280,0.93030397,0.93199579,0.93370776,0.93543938,0.93719013,0.93895949,0.94074693,0.94255194,0.94437397,0.94621248,0.94806693,0.94993677,0.95182144,0.95372039,0.95563305,0.95755887,0.95949725,0.96144764,0.96340945,0.96538211,0.96736502,0.96935760,0.97135927,0.97336942,0.97538746,0.97741279,0.97944482,0.98148294,0.98352655,0.98557503,0.98762780,0.98968422,0.99174371,0.99380564,0.99586941,0.99793440,1.00000000,1.00206560,1.00413059,1.00619436,1.00825629,1.01031578,1.01237220,1.01442497,1.01647345,1.01851706,1.02055518,1.02258721,1.02461254,1.02663058,1.02864073,1.03064240,1.03263498,1.03461789,1.03659055,1.03855236,1.04050275,1.04244113,1.04436695,1.04627961,1.04817856,1.05006323,1.05193307,1.05378752,1.05562603,1.05744806,1.05925307,1.06104051,1.06280987,1.06456062,1.06629224,1.06800421,1.06969603,1.07136720,1.07301722,1.07464561,1.07625188,1.07783555,1.07939615,1.08093323,1.08244633,1.08393500,1.08539879,1.08683728,1.08825004,1.08963665,1.09099670,1.09232978,1.09363550,1.09491348,1.09616333,1.09738469,1.09857719,1.09974048,1.10087421,1.10197805,1.10305167,1.10409476,1.10510700,1.10608810,1.10703776,1.10795570,1.10884166,1.10969536,1.11051655,1.11130500,1.11206047,1.11278273,1.11347157,1.11412678,1.11474818,1.11533557,1.11588879,1.11640767,1.11689205,1.11734180,1.11775678,1.11813686,1.11848193,1.11879190,1.11906667,1.11930615,1.11951028,1.11967900,1.11981225,1.11991000,1.11997222,1.11999889,1.11999000,1.11994555,1.11986557,1.11975006,1.11959907,1.11941264,1.11919082,1.11893369,1.11864131,1.11831378,1.11795119,1.11755364,1.11712127,1.11665418,1.11615253,1.11561647,1.11504614,1.11444172,1.11380339,1.11313134,1.11242576,1.11168687,1.11091489,1.11011004,1.10927256,1.10840270,1.10750071,1.10656688,1.10560146,1.10460476,1.10357706,1.10251866,1.10142989,1.10031106,1.09916250,1.09798457,1.09677759,1.09554194,1.09427798,1.09298608,1.09166663,1.09032002,1.08894664,1.08754691,1.08612123,1.08467003,1.08319375,1.08169281,1.08016766,1.07861876,1.07704657,1.07545154,1.07383415,1.07219489,1.07053423,1.06885267,1.06715071,1.06542885,1.06368761,1.06192749,1.06014902,1.05835272,1.05653914,1.05470880,1.05286225,1.05100004,1.04912272,1.04723083,1.04532496,1.04340565,1.04147348,1.03952902,1.03757284,1.03560554,1.03362768,1.03163986,1.02964266,1.02763668,1.02562251,1.02360075,1.02157199,1.01953684,1.01749590,1.01544978,1.01339908,1.01134441,1.00928638,1.00722559,1.00516267,1.00309821,1.00103284,0.99896716,0.99690179,0.99483733,0.99277441,0.99071362,0.98865559,0.98660092,0.98455022,0.98250410,0.98046316,0.97842801,0.97639925,0.97437749,0.97236332,0.97035734,0.96836014,0.96637232,0.96439446,0.96242716,0.96047098,0.95852652,0.95659435,0.95467504,0.95276917,0.95087728,0.94899996,0.94713775,0.94529120,0.94346086,0.94164728,0.93985098,0.93807251,0.93631239,0.93457115,0.93284929,0.93114733,0.92946577,0.92780511,0.92616585,0.92454846,0.92295343,0.92138124,0.91983234,0.91830719,0.91680625,0.91532997,0.91387877,0.91245309,0.91105336,0.90967998,0.90833337,0.90701392,0.90572202,0.90445806,0.90322241,0.90201543,0.90083750,0.89968894,0.89857011,0.89748134,0.89642294,0.89539524,0.89439854,0.89343312,0.89249929,0.89159730,0.89072744,0.88988996,0.88908511,0.88831313,0.88757424,0.88686866,0.88619661,0.88555828,0.88495386,0.88438353,0.88384747,0.88334582,0.88287873,0.88244636,0.88204881,0.88168622,0.88135869,0.88106631,0.88080918,0.88058736,0.88040093,0.88024994,0.88013443,0.88005445,0.88001000,0.88000111,0.88002778,0.88009000,0.88018775,0.88032100,0.88048972,0.88069385,0.88093333,0.88120810,0.88151807,0.88186314,0.88224322,0.88265820,0.88310795,0.88359233,0.88411121,0.88466443,0.88525182,0.88587322,0.88652843,0.88721727,0.88793953,0.88869500,0.88948345,0.89030464,0.89115834,0.89204430,0.89296224,0.89391190,0.89489300,0.89590524,0.89694833
10,0.89802195,0.89912579,0.90025952,0.90142281,0.90261531,0.90383667,0.90508652,0.90636450,0.90767022,0.90900330,0.91036335,0.91174996,0.91316272,0.91460121,0.91606500,0.91755367,0.91906677,0.92060385,0.92216445,0.92374812,0.92535439,0.92698278,0.92863280,0.93030397,0.93199579,0.93370776,0.93543938,0.93719013,0.93895949,0.94074693,0.94255194,0.94437397,0.94621248,0.94806693,0.94993677,0.95182144,0.95372039,0.95563305,0.95755887,0.95949725,0.96144764,0.96340945,0.96538211,0.96736502,0.96935760,0.97135927,0.97336942,0.97538746,0.97741279,0.97944482,0.98148294,0.98352655,0.98557503,0.98762780,0.98968422,0.99174371,0.99380564,0.99586941,0.99793440,1.00000000,1.00206560,1.00413059,1.00619436,1.00825629,1.01031578,1.01237220,1.01442497,1.01647345,1.01851706,1.02055518,1.02258721,1.02461254,1.02663058,1.02864073,1.03064240,1.03263498,1.03461789,1.03659055,1.03855236,1.04050275,1.04244113,1.04436695,1.04627961,1.04817856,1.05006323,1.05193307,1.05378752,1.05562603,1.05744806,1.05925307,1.06104051,1.06280987,1.06456062,1.06629224,1.06800421,1.06969603,1.07136720,1.07301722,1.07464561,1.07625188,1.07783555,1.07939615,1.08093323,1.08244633,1.08393500,1.08539879,1.08683728,1.08825004,1.08963665,1.09099670,1.09232978,1.09363550,1.09491348,1.09616333,1.09738469,1.09857719,1.09974048,1.10087421,1.10197805,1.10305167,1.10409476,1.10510700,1.10608810,1.10703776,1.10795570,1.10884166,1.10969536,1.11051655,1.11130500,1.11206047,1.11278273,1.11347157,1.11412678,1.11474818,1.11533557,1.11588879,1.11640767,1.11689205,1.11734180,1.11775678,1.11813686,1.11848193,1.11879190,1.11906667,1.11930615,1.11951028,1.11967900,1.11981225,1.11991000,1.11997222,1.11999889,1.11999000,1.11994555,1.11986557,1.11975006,1.11959907,1.11941264,1.11919082,1.11893369,1.11864131,1.11831378,1.11795119,1.11755364,1.11712127,1.11665418,1.11615253,1.11561647,1.11504614,1.11444172,1.11380339,1.11313134,1.11242576,1.11168687,1.11091489,1.11011004,1.10927256,1.10840270,1.10750071,1.10656688,1.10560146,1.10460476,1.10357706,1.10251866,1.10142989,1.10031106,1.09916250,1.09798457,1.09677759,1.09554194,1.09427798,1.09298608,1.09166663,1.09032002,1.08894664,1.08754691,1.08612123,1.08467003,1.08319375,1.08169281,1.08016766,1.07861876,1.07704657,1.07545154,1.07383415,1.07219489,1.07053423,1.06885267,1.06715071,1.06542885,1.06368761,1.06192749,1.06014902,1.05835272,1.05653914,1.05470880,1.05286225,1.05100004,1.04912272,1.04723083,1.04532496,1.04340565,1.04147348,1.03952902,1.03757284,1.03560554,1.03362768,1.03163986,1.02964266,1.02763668,1.02562251,1.02360075,1.02157199,1.01953684,1.01749590,1.01544978,1.01339908,1.01134441,1.00928638,1.00722559,1.00516267,1.00309821,1.00103284,0.99896716,0.99690179,0.99483733,0.99277441,0.99071362,0.98865559,0.98660092,0.98455022,0.98250410,0.98046316,0.97842801,0.97639925,0.97437749,0.97236332,0.97035734,0.96836014,0.96637232,0.96439446,0.96242716,0.96047098,0.95852652,0.95659435,0.95467504,0.95276917,0.95087728,0.94899996,0.94713775,0.94529120,0.94346086,0.94164728,0.93985098,0.93807251,0.93631239,0.93457115,0.93284929,0.93114733,0.92946577,0.92780511,0.92616585,0.92454846,0.92295343,0.92138124,0.91983234,0.91830719,0.91680625,0.91532997,0.91387877,0.91245309,0.91105336,0.90967998,0.90833337,0.90701392,0.90572202,0.90445806,0.90322241,0.90201543,0.90083750,0.89968894,0.89857011,0.89748134,0.89642294,0.89539524,0.89439854,0.89343312,0.89249929,0.89159730,0.89072744,0.88988996,0.88908511,0.88831313,0.88757424,0.88686866,0.88619661,0.88555828,0.88495386,0.88438353,0.88384747,0.88334582,0.88287873,0.88244636,0.88204881,0.88168622,0.88135869,0.88106631,0.88080918,0.88058736,0.88040093,0.88024994,0.88013443,0.88005445,0.88001000,0.88000111,0.88002778,0.88009000,0.88018775,0.88032100,0.88048972,0.88069385,0.88093333,0.88120810,0.88151807,0.88186314,0.88224322,0.88265820,0.88310795,0.88359233,0.88411121,0.88466443,0.88525182,0.88587322,0.88652843,0.88721727,0.88793953,0.88869500,0.88948345,0.89030464,0.89115834,0.89204430,0.89296224,0.89391190,0.89489300,0.89590524,0.89694833
